,Coefficient,Std Error,t-value,p-value
const,-0.011317671675203679,0.00038038665651421574,-29.753072252629654,1.5824963991000884e-194
Mkt-RF,1.00608141379326,0.0030519116115722542,329.6561440306447,0.0
SMB,0.007191103885696812,0.006029200217854057,1.1927127356630238,0.2329818961248803
HML,0.0016684942954261414,0.0074107703654058546,0.22514451442387468,0.8218668523120093
